<?xml version="1.0" encoding="UTF-8"?>
<Configuration status="WARN">
    <Properties>
        <Property name="filename">./logs</Property>
    </Properties>
    <Appenders>
        <RollingFile name="file" fileName="${filename}/FileLogger.Log"
                     filePattern="${filename}/FileLogger-%d{yyyy-MM-dd HH:mm:ss.SSS}.Log">
            <PatternLayout>
                <pattern>%d{yyyy-MM-dd HH:mm:ss.SSS} [%t] %-5level %logger{36} - %msg%n</pattern>
                <charset>UTF-8</charset>
            </PatternLayout>
            <SizeBasedTriggeringPolicy size="10 MB" />
        </RollingFile>
        <Console name="Console" target="SYSTEM_OUT">
            <PatternLayout pattern="%d{yyyy-MM-dd HH:mm:ss.SSS} [%t] %-5level %logger{36} - %msg%n" charset="UTF-8"/>
        </Console>
    </Appenders>
    <Loggers>
        <Root level="trace">
            <AppenderRef ref="Console"/>
            <AppenderRef ref="file"/>
        </Root>
    </Loggers>
</Configuration>